"id","name","action","priority","phoneNumber","labelId","isEnabled","count","avatar","ruleType","subscriptionId"
"+85221221188","CUniq","none","0","+85221221188","telecommunication","1","0","https://raw.githubusercontent.com/metowolf/vCards/refs/heads/master/data/通讯服务/CUniq.png","phone_rule",""
"+8613068400177","CUniq","none","0","+8613068400177","telecommunication","1","0","https://raw.githubusercontent.com/metowolf/vCards/refs/heads/master/data/通讯服务/CUniq.png","phone_rule",""
"+61439125109","Telstra","none","0","+61439125109","telecommunication","1","0","https://raw.githubusercontent.com/metowolf/vCards/refs/heads/master/data/通讯服务/Telstra.png","phone_rule",""
"+611800241600","Telstra","none","0","+611800241600","telecommunication","1","0","https://raw.githubusercontent.com/metowolf/vCards/refs/heads/master/data/通讯服务/Telstra.png","phone_rule",""
"10099","中国广电","none","0","10099","telecommunication","1","0","https://raw.githubusercontent.com/metowolf/vCards/refs/heads/master/data/通讯服务/中国广电.png","phone_rule",""
"10000","中国电信","none","0","10000","telecommunication","1","0","https://raw.githubusercontent.com/metowolf/vCards/refs/heads/master/data/通讯服务/中国电信.png","phone_rule",""
"10001","中国电信","none","0","10001","telecommunication","1","0","https://raw.githubusercontent.com/metowolf/vCards/refs/heads/master/data/通讯服务/中国电信.png","phone_rule",""
"10006","中国电信","none","0","10006","telecommunication","1","0","https://raw.githubusercontent.com/metowolf/vCards/refs/heads/master/data/通讯服务/中国电信.png","phone_rule",""
"100003","中国电信","none","0","100003","telecommunication","1","0","https://raw.githubusercontent.com/metowolf/vCards/refs/heads/master/data/通讯服务/中国电信.png","phone_rule",""
"1000010","中国电信","none","0","1000010","telecommunication","1","0","https://raw.githubusercontent.com/metowolf/vCards/refs/heads/master/data/通讯服务/中国电信.png","phone_rule",""
"10001666","中国电信","none","0","10001666","telecommunication","1","0","https://raw.githubusercontent.com/metowolf/vCards/refs/heads/master/data/通讯服务/中国电信.png","phone_rule",""
"1065911468","中国电信-漏话提醒","none","0","1065911468","telecommunication","1","0","https://raw.githubusercontent.com/metowolf/vCards/refs/heads/master/data/通讯服务/中国电信.png","phone_rule",""
"106599366","中国电信-天翼防骚扰服务提醒","none","0","106599366","telecommunication","1","0","https://raw.githubusercontent.com/metowolf/vCards/refs/heads/master/data/通讯服务/中国电信.png","phone_rule",""
"10659210000","中国电信","none","0","10659210000","telecommunication","1","0","https://raw.githubusercontent.com/metowolf/vCards/refs/heads/master/data/通讯服务/中国电信.png","phone_rule",""
"+8531888","中国电信-澳门","none","0","+8531888","telecommunication","1","0","https://raw.githubusercontent.com/metowolf/vCards/refs/heads/master/data/通讯服务/中国电信.png","phone_rule",""
"10001688","中国电信-积分商城","none","0","10001688","telecommunication","1","0","https://raw.githubusercontent.com/metowolf/vCards/refs/heads/master/data/通讯服务/中国电信.png","phone_rule",""
"10086","中国移动","none","0","10086","telecommunication","1","0","https://raw.githubusercontent.com/metowolf/vCards/refs/heads/master/data/通讯服务/中国移动.png","phone_rule",""
"12583110086","中国移动-和多号-副号1","none","0","12583110086","telecommunication","1","0","https://raw.githubusercontent.com/metowolf/vCards/refs/heads/master/data/通讯服务/中国移动.png","phone_rule",""
"12583210086","中国移动-和多号-副号2","none","0","12583210086","telecommunication","1","0","https://raw.githubusercontent.com/metowolf/vCards/refs/heads/master/data/通讯服务/中国移动.png","phone_rule",""
"12583310086","中国移动-和多号-副号3","none","0","12583310086","telecommunication","1","0","https://raw.githubusercontent.com/metowolf/vCards/refs/heads/master/data/通讯服务/中国移动.png","phone_rule",""
"1008611","中国移动","none","0","1008611","telecommunication","1","0","https://raw.githubusercontent.com/metowolf/vCards/refs/heads/master/data/通讯服务/中国移动.png","phone_rule",""
"10085","中国移动","none","0","10085","telecommunication","1","0","https://raw.githubusercontent.com/metowolf/vCards/refs/heads/master/data/通讯服务/中国移动.png","phone_rule",""
"10050","中国移动-宽带服务","none","0","10050","telecommunication","1","0","https://raw.githubusercontent.com/metowolf/vCards/refs/heads/master/data/通讯服务/中国移动.png","phone_rule",""
"10086021","中国移动-上海中国移动","none","0","10086021","telecommunication","1","0","https://raw.githubusercontent.com/metowolf/vCards/refs/heads/master/data/通讯服务/中国移动.png","phone_rule",""
"10086766","中国移动-官方提醒短信","none","0","10086766","telecommunication","1","0","https://raw.githubusercontent.com/metowolf/vCards/refs/heads/master/data/通讯服务/中国移动.png","phone_rule",""
"10086900","中国移动","none","0","10086900","telecommunication","1","0","https://raw.githubusercontent.com/metowolf/vCards/refs/heads/master/data/通讯服务/中国移动.png","phone_rule",""
"10086977","中国移动","none","0","10086977","telecommunication","1","0","https://raw.githubusercontent.com/metowolf/vCards/refs/heads/master/data/通讯服务/中国移动.png","phone_rule",""
"10088","中国移动","none","0","10088","telecommunication","1","0","https://raw.githubusercontent.com/metowolf/vCards/refs/heads/master/data/通讯服务/中国移动.png","phone_rule",""
"10658112","中国移动-移动来电管家","none","0","10658112","telecommunication","1","0","https://raw.githubusercontent.com/metowolf/vCards/refs/heads/master/data/通讯服务/中国移动.png","phone_rule",""
"12530","中国移动-彩铃服务","none","0","12530","telecommunication","1","0","https://raw.githubusercontent.com/metowolf/vCards/refs/heads/master/data/通讯服务/中国移动.png","phone_rule",""
"1253011","中国移动-彩铃服务","none","0","1253011","telecommunication","1","0","https://raw.githubusercontent.com/metowolf/vCards/refs/heads/master/data/通讯服务/中国移动.png","phone_rule",""
"+86(10)65883001","中国移动-彩铃服务","none","0","+86(10)65883001","telecommunication","1","0","https://raw.githubusercontent.com/metowolf/vCards/refs/heads/master/data/通讯服务/中国移动.png","phone_rule",""
"10658999","中国移动-积分商城","none","0","10658999","telecommunication","1","0","https://raw.githubusercontent.com/metowolf/vCards/refs/heads/master/data/通讯服务/中国移动.png","phone_rule",""
"10010","中国联通","none","0","10010","telecommunication","1","0","https://raw.githubusercontent.com/metowolf/vCards/refs/heads/master/data/通讯服务/中国联通.png","phone_rule",""
"10011","中国联通","none","0","10011","telecommunication","1","0","https://raw.githubusercontent.com/metowolf/vCards/refs/heads/master/data/通讯服务/中国联通.png","phone_rule",""
"10016","中国联通-营销专线","none","0","10016","telecommunication","1","0","https://raw.githubusercontent.com/metowolf/vCards/refs/heads/master/data/通讯服务/中国联通.png","phone_rule",""
"10018","中国联通","none","0","10018","telecommunication","1","0","https://raw.githubusercontent.com/metowolf/vCards/refs/heads/master/data/通讯服务/中国联通.png","phone_rule",""
"101906","中国联通-沃助理","none","0","101906","telecommunication","1","0","https://raw.githubusercontent.com/metowolf/vCards/refs/heads/master/data/通讯服务/中国联通.png","phone_rule",""
"10655152","中国联通-出境服务","none","0","10655152","telecommunication","1","0","https://raw.githubusercontent.com/metowolf/vCards/refs/heads/master/data/通讯服务/中国联通.png","phone_rule",""
"10655511","中国联通","none","0","10655511","telecommunication","1","0","https://raw.githubusercontent.com/metowolf/vCards/refs/heads/master/data/通讯服务/中国联通.png","phone_rule",""
"96169","中国联通","none","0","96169","telecommunication","1","0","https://raw.githubusercontent.com/metowolf/vCards/refs/heads/master/data/通讯服务/中国联通.png","phone_rule",""
"10165","中国联通-沃留言","none","0","10165","telecommunication","1","0","https://raw.githubusercontent.com/metowolf/vCards/refs/heads/master/data/通讯服务/中国联通.png","phone_rule",""
"10029","阿里通信","none","0","10029","telecommunication","1","0","https://raw.githubusercontent.com/metowolf/vCards/refs/heads/master/data/通讯服务/阿里通信.png","phone_rule",""
