id,name,action,priority,phoneNumber,labelId,isEnabled,count,avatar,ruleType,subscriptionId
+902127053327,+902127053327,block,3,+902127053327,spamlikely,1,0,,phone_rule,turkish-spam-weekly
+902127065148,+902127065148,block,3,+902127065148,spamlikely,1,0,,phone_rule,turkish-spam-weekly
+902129220066,+902129220066,block,3,+902129220066,spamlikely,1,0,,phone_rule,turkish-spam-weekly
+902129220071,+902129220071,block,3,+902129220071,spamlikely,1,0,,phone_rule,turkish-spam-weekly
+902129220075,+902129220075,block,3,+902129220075,spamlikely,1,0,,phone_rule,turkish-spam-weekly
+902129220284,+902129220284,block,3,+902129220284,spamlikely,1,0,,phone_rule,turkish-spam-weekly
+902129220343,+902129220343,block,3,+902129220343,spamlikely,1,0,,phone_rule,turkish-spam-weekly
+902129220355,+902129220355,block,3,+902129220355,spamlikely,1,0,,phone_rule,turkish-spam-weekly
+902129220375,+902129220375,block,3,+902129220375,spamlikely,1,0,,phone_rule,turkish-spam-weekly
+902129220373,+902129220373,block,3,+902129220373,spamlikely,1,0,,phone_rule,turkish-spam-weekly
+902129220397,+902129220397,block,3,+902129220397,spamlikely,1,0,,phone_rule,turkish-spam-weekly
+902129220447,+902129220447,block,3,+902129220447,spamlikely,1,0,,phone_rule,turkish-spam-weekly
+902129220549,+902129220549,block,3,+902129220549,spamlikely,1,0,,phone_rule,turkish-spam-weekly
+902129220662,+902129220662,block,3,+902129220662,spamlikely,1,0,,phone_rule,turkish-spam-weekly
+902129220663,+902129220663,block,3,+902129220663,spamlikely,1,0,,phone_rule,turkish-spam-weekly
+902129220665,+902129220665,block,3,+902129220665,spamlikely,1,0,,phone_rule,turkish-spam-weekly
+902129220669,+902129220669,block,3,+902129220669,spamlikely,1,0,,phone_rule,turkish-spam-weekly
+902129220672,+902129220672,block,3,+902129220672,spamlikely,1,0,,phone_rule,turkish-spam-weekly
+902129220693,+902129220693,block,3,+902129220693,spamlikely,1,0,,phone_rule,turkish-spam-weekly
+902129220694,+902129220694,block,3,+902129220694,spamlikely,1,0,,phone_rule,turkish-spam-weekly
+902129220736,+902129220736,block,3,+902129220736,spamlikely,1,0,,phone_rule,turkish-spam-weekly
+902129220791,+902129220791,block,3,+902129220791,spamlikely,1,0,,phone_rule,turkish-spam-weekly
+902129220822,+902129220822,block,3,+902129220822,spamlikely,1,0,,phone_rule,turkish-spam-weekly
+902129220860,+902129220860,block,3,+902129220860,spamlikely,1,0,,phone_rule,turkish-spam-weekly
+902129220946,+902129220946,block,3,+902129220946,spamlikely,1,0,,phone_rule,turkish-spam-weekly
+902129221267,+902129221267,block,3,+902129221267,spamlikely,1,0,,phone_rule,turkish-spam-weekly
+902129221321,+902129221321,block,3,+902129221321,spamlikely,1,0,,phone_rule,turkish-spam-weekly
+902129221398,+902129221398,block,3,+902129221398,spamlikely,1,0,,phone_rule,turkish-spam-weekly
+902129221425,+902129221425,block,3,+902129221425,spamlikely,1,0,,phone_rule,turkish-spam-weekly
+902129221427,+902129221427,block,3,+902129221427,spamlikely,1,0,,phone_rule,turkish-spam-weekly
+902129221468,+902129221468,block,3,+902129221468,spamlikely,1,0,,phone_rule,turkish-spam-weekly
+902129221485,+902129221485,block,3,+902129221485,spamlikely,1,0,,phone_rule,turkish-spam-weekly
+902129221658,+902129221658,block,3,+902129221658,spamlikely,1,0,,phone_rule,turkish-spam-weekly
+902129221764,+902129221764,block,3,+902129221764,spamlikely,1,0,,phone_rule,turkish-spam-weekly
+902129222996,+902129222996,block,3,+902129222996,spamlikely,1,0,,phone_rule,turkish-spam-weekly
+902129223279,+902129223279,block,3,+902129223279,spamlikely,1,0,,phone_rule,turkish-spam-weekly
+902129224057,+902129224057,block,3,+902129224057,spamlikely,1,0,,phone_rule,turkish-spam-weekly
+902129224072,+902129224072,block,3,+902129224072,spamlikely,1,0,,phone_rule,turkish-spam-weekly
+902129224160,+902129224160,block,3,+902129224160,spamlikely,1,0,,phone_rule,turkish-spam-weekly
+902129224178,+902129224178,block,3,+902129224178,spamlikely,1,0,,phone_rule,turkish-spam-weekly
+902129224230,+902129224230,block,3,+902129224230,spamlikely,1,0,,phone_rule,turkish-spam-weekly
+902129224238,+902129224238,block,3,+902129224238,spamlikely,1,0,,phone_rule,turkish-spam-weekly
+902129224305,+902129224305,block,3,+902129224305,spamlikely,1,0,,phone_rule,turkish-spam-weekly
+902129452278,+902129452278,block,3,+902129452278,spamlikely,1,0,,phone_rule,turkish-spam-weekly
+902129452899,+902129452899,block,3,+902129452899,spamlikely,1,0,,phone_rule,turkish-spam-weekly
+902162030696,+902162030696,block,3,+902162030696,spamlikely,1,0,,phone_rule,turkish-spam-weekly
+902162050268,+902162050268,block,3,+902162050268,spamlikely,1,0,,phone_rule,turkish-spam-weekly
+902162050399,+902162050399,block,3,+902162050399,spamlikely,1,0,,phone_rule,turkish-spam-weekly
+902162662736,+902162662736,block,3,+902162662736,spamlikely,1,0,,phone_rule,turkish-spam-weekly
+902169902138,+902169902138,block,3,+902169902138,spamlikely,1,0,,phone_rule,turkish-spam-weekly
+902169902732,+902169902732,block,3,+902169902732,spamlikely,1,0,,phone_rule,turkish-spam-weekly
+903124040738,+903124040738,block,3,+903124040738,spamlikely,1,0,,phone_rule,turkish-spam-weekly
+903124040783,+903124040783,block,3,+903124040783,spamlikely,1,0,,phone_rule,turkish-spam-weekly
+903124520317,+903124520317,block,3,+903124520317,spamlikely,1,0,,phone_rule,turkish-spam-weekly
+903125616023,+903125616023,block,3,+903125616023,spamlikely,1,0,,phone_rule,turkish-spam-weekly
+903125616035,+903125616035,block,3,+903125616035,spamlikely,1,0,,phone_rule,turkish-spam-weekly
+903125616073,+903125616073,block,3,+903125616073,spamlikely,1,0,,phone_rule,turkish-spam-weekly
+903125680447,+903125680447,block,3,+903125680447,spamlikely,1,0,,phone_rule,turkish-spam-weekly
+903127030598,+903127030598,block,3,+903127030598,spamlikely,1,0,,phone_rule,turkish-spam-weekly
+903128900667,+903128900667,block,3,+903128900667,spamlikely,1,0,,phone_rule,turkish-spam-weekly
+903129118028,+903129118028,block,3,+903129118028,spamlikely,1,0,,phone_rule,turkish-spam-weekly
+905344511000,+905344511000,block,3,+905344511000,spamlikely,1,0,,phone_rule,turkish-spam-weekly
+905535386701,+905535386701,block,3,+905535386701,spamlikely,1,0,,phone_rule,turkish-spam-weekly
+908502700712,+908502700712,block,3,+908502700712,spamlikely,1,0,,phone_rule,turkish-spam-weekly
+908503010371,+908503010371,block,3,+908503010371,spamlikely,1,0,,phone_rule,turkish-spam-weekly
+908503099751,+908503099751,block,3,+908503099751,spamlikely,1,0,,phone_rule,turkish-spam-weekly
+908504300213,+908504300213,block,3,+908504300213,spamlikely,1,0,,phone_rule,turkish-spam-weekly
+908504300388,+908504300388,block,3,+908504300388,spamlikely,1,0,,phone_rule,turkish-spam-weekly
+908504301319,+908504301319,block,3,+908504301319,spamlikely,1,0,,phone_rule,turkish-spam-weekly
+908504301875,+908504301875,block,3,+908504301875,spamlikely,1,0,,phone_rule,turkish-spam-weekly
+908504304139,+908504304139,block,3,+908504304139,spamlikely,1,0,,phone_rule,turkish-spam-weekly
+908504304493,+908504304493,block,3,+908504304493,spamlikely,1,0,,phone_rule,turkish-spam-weekly
+908504304572,+908504304572,block,3,+908504304572,spamlikely,1,0,,phone_rule,turkish-spam-weekly
+908504304580,+908504304580,block,3,+908504304580,spamlikely,1,0,,phone_rule,turkish-spam-weekly
+908504304680,+908504304680,block,3,+908504304680,spamlikely,1,0,,phone_rule,turkish-spam-weekly
+908504304843,+908504304843,block,3,+908504304843,spamlikely,1,0,,phone_rule,turkish-spam-weekly
+908504305461,+908504305461,block,3,+908504305461,spamlikely,1,0,,phone_rule,turkish-spam-weekly
+908504306124,+908504306124,block,3,+908504306124,spamlikely,1,0,,phone_rule,turkish-spam-weekly
+908504306712,+908504306712,block,3,+908504306712,spamlikely,1,0,,phone_rule,turkish-spam-weekly
+908504306728,+908504306728,block,3,+908504306728,spamlikely,1,0,,phone_rule,turkish-spam-weekly
+908504306839,+908504306839,block,3,+908504306839,spamlikely,1,0,,phone_rule,turkish-spam-weekly
+908504306849,+908504306849,block,3,+908504306849,spamlikely,1,0,,phone_rule,turkish-spam-weekly
+908504430216,+908504430216,block,3,+908504430216,spamlikely,1,0,,phone_rule,turkish-spam-weekly
+908504431286,+908504431286,block,3,+908504431286,spamlikely,1,0,,phone_rule,turkish-spam-weekly
+908504432902,+908504432902,block,3,+908504432902,spamlikely,1,0,,phone_rule,turkish-spam-weekly
+908504801591,+908504801591,block,3,+908504801591,spamlikely,1,0,,phone_rule,turkish-spam-weekly
+908504801593,+908504801593,block,3,+908504801593,spamlikely,1,0,,phone_rule,turkish-spam-weekly
+908504840405,+908504840405,block,3,+908504840405,spamlikely,1,0,,phone_rule,turkish-spam-weekly
+908504840457,+908504840457,block,3,+908504840457,spamlikely,1,0,,phone_rule,turkish-spam-weekly
+908504840389,+908504840389,block,3,+908504840389,spamlikely,1,0,,phone_rule,turkish-spam-weekly
+908504840461,+908504840461,block,3,+908504840461,spamlikely,1,0,,phone_rule,turkish-spam-weekly
+908504840849,+908504840849,block,3,+908504840849,spamlikely,1,0,,phone_rule,turkish-spam-weekly
+908504840883,+908504840883,block,3,+908504840883,spamlikely,1,0,,phone_rule,turkish-spam-weekly
+908504841186,+908504841186,block,3,+908504841186,spamlikely,1,0,,phone_rule,turkish-spam-weekly
+908504841464,+908504841464,block,3,+908504841464,spamlikely,1,0,,phone_rule,turkish-spam-weekly
+908504841480,+908504841480,block,3,+908504841480,spamlikely,1,0,,phone_rule,turkish-spam-weekly
+908504841520,+908504841520,block,3,+908504841520,spamlikely,1,0,,phone_rule,turkish-spam-weekly
+908504841633,+908504841633,block,3,+908504841633,spamlikely,1,0,,phone_rule,turkish-spam-weekly
+908504841652,+908504841652,block,3,+908504841652,spamlikely,1,0,,phone_rule,turkish-spam-weekly
+908504841667,+908504841667,block,3,+908504841667,spamlikely,1,0,,phone_rule,turkish-spam-weekly
+908504841671,+908504841671,block,3,+908504841671,spamlikely,1,0,,phone_rule,turkish-spam-weekly
+908504841674,+908504841674,block,3,+908504841674,spamlikely,1,0,,phone_rule,turkish-spam-weekly
+908504841684,+908504841684,block,3,+908504841684,spamlikely,1,0,,phone_rule,turkish-spam-weekly
+908504841760,+908504841760,block,3,+908504841760,spamlikely,1,0,,phone_rule,turkish-spam-weekly
+908504841765,+908504841765,block,3,+908504841765,spamlikely,1,0,,phone_rule,turkish-spam-weekly
+908504841785,+908504841785,block,3,+908504841785,spamlikely,1,0,,phone_rule,turkish-spam-weekly
+908504841791,+908504841791,block,3,+908504841791,spamlikely,1,0,,phone_rule,turkish-spam-weekly
+908504841827,+908504841827,block,3,+908504841827,spamlikely,1,0,,phone_rule,turkish-spam-weekly
+908504841882,+908504841882,block,3,+908504841882,spamlikely,1,0,,phone_rule,turkish-spam-weekly
+908504841947,+908504841947,block,3,+908504841947,spamlikely,1,0,,phone_rule,turkish-spam-weekly
+908504841967,+908504841967,block,3,+908504841967,spamlikely,1,0,,phone_rule,turkish-spam-weekly
+908504842086,+908504842086,block,3,+908504842086,spamlikely,1,0,,phone_rule,turkish-spam-weekly
+908504842155,+908504842155,block,3,+908504842155,spamlikely,1,0,,phone_rule,turkish-spam-weekly
+908504842174,+908504842174,block,3,+908504842174,spamlikely,1,0,,phone_rule,turkish-spam-weekly
+908504842230,+908504842230,block,3,+908504842230,spamlikely,1,0,,phone_rule,turkish-spam-weekly
+908504842231,+908504842231,block,3,+908504842231,spamlikely,1,0,,phone_rule,turkish-spam-weekly
+908504842276,+908504842276,block,3,+908504842276,spamlikely,1,0,,phone_rule,turkish-spam-weekly
+908504842310,+908504842310,block,3,+908504842310,spamlikely,1,0,,phone_rule,turkish-spam-weekly
+908504842426,+908504842426,block,3,+908504842426,spamlikely,1,0,,phone_rule,turkish-spam-weekly
+908504842430,+908504842430,block,3,+908504842430,spamlikely,1,0,,phone_rule,turkish-spam-weekly
+908504842442,+908504842442,block,3,+908504842442,spamlikely,1,0,,phone_rule,turkish-spam-weekly
+908504842476,+908504842476,block,3,+908504842476,spamlikely,1,0,,phone_rule,turkish-spam-weekly
+908504842548,+908504842548,block,3,+908504842548,spamlikely,1,0,,phone_rule,turkish-spam-weekly
+908504842558,+908504842558,block,3,+908504842558,spamlikely,1,0,,phone_rule,turkish-spam-weekly
+908504842756,+908504842756,block,3,+908504842756,spamlikely,1,0,,phone_rule,turkish-spam-weekly
+908504842772,+908504842772,block,3,+908504842772,spamlikely,1,0,,phone_rule,turkish-spam-weekly
+908504842787,+908504842787,block,3,+908504842787,spamlikely,1,0,,phone_rule,turkish-spam-weekly
+908504842814,+908504842814,block,3,+908504842814,spamlikely,1,0,,phone_rule,turkish-spam-weekly
+908504842840,+908504842840,block,3,+908504842840,spamlikely,1,0,,phone_rule,turkish-spam-weekly
+908504842987,+908504842987,block,3,+908504842987,spamlikely,1,0,,phone_rule,turkish-spam-weekly
+908504843011,+908504843011,block,3,+908504843011,spamlikely,1,0,,phone_rule,turkish-spam-weekly
+908504843512,+908504843512,block,3,+908504843512,spamlikely,1,0,,phone_rule,turkish-spam-weekly
+908504843621,+908504843621,block,3,+908504843621,spamlikely,1,0,,phone_rule,turkish-spam-weekly
+908505120007,+908505120007,block,3,+908505120007,spamlikely,1,0,,phone_rule,turkish-spam-weekly
+908505120008,+908505120008,block,3,+908505120008,spamlikely,1,0,,phone_rule,turkish-spam-weekly
+908505120014,+908505120014,block,3,+908505120014,spamlikely,1,0,,phone_rule,turkish-spam-weekly
+908505120027,+908505120027,block,3,+908505120027,spamlikely,1,0,,phone_rule,turkish-spam-weekly
+908505120109,+908505120109,block,3,+908505120109,spamlikely,1,0,,phone_rule,turkish-spam-weekly
+908505120244,+908505120244,block,3,+908505120244,spamlikely,1,0,,phone_rule,turkish-spam-weekly
+908505120250,+908505120250,block,3,+908505120250,spamlikely,1,0,,phone_rule,turkish-spam-weekly
+908505120251,+908505120251,block,3,+908505120251,spamlikely,1,0,,phone_rule,turkish-spam-weekly
+908505120335,+908505120335,block,3,+908505120335,spamlikely,1,0,,phone_rule,turkish-spam-weekly
+908505120338,+908505120338,block,3,+908505120338,spamlikely,1,0,,phone_rule,turkish-spam-weekly
+908505120349,+908505120349,block,3,+908505120349,spamlikely,1,0,,phone_rule,turkish-spam-weekly
+908505120359,+908505120359,block,3,+908505120359,spamlikely,1,0,,phone_rule,turkish-spam-weekly
+908505120361,+908505120361,block,3,+908505120361,spamlikely,1,0,,phone_rule,turkish-spam-weekly
+908505120442,+908505120442,block,3,+908505120442,spamlikely,1,0,,phone_rule,turkish-spam-weekly
+908505120476,+908505120476,block,3,+908505120476,spamlikely,1,0,,phone_rule,turkish-spam-weekly
+908505120478,+908505120478,block,3,+908505120478,spamlikely,1,0,,phone_rule,turkish-spam-weekly
+908505120484,+908505120484,block,3,+908505120484,spamlikely,1,0,,phone_rule,turkish-spam-weekly
+908505120573,+908505120573,block,3,+908505120573,spamlikely,1,0,,phone_rule,turkish-spam-weekly
+908505120675,+908505120675,block,3,+908505120675,spamlikely,1,0,,phone_rule,turkish-spam-weekly
+908505120676,+908505120676,block,3,+908505120676,spamlikely,1,0,,phone_rule,turkish-spam-weekly
+908505120724,+908505120724,block,3,+908505120724,spamlikely,1,0,,phone_rule,turkish-spam-weekly
+908505120791,+908505120791,block,3,+908505120791,spamlikely,1,0,,phone_rule,turkish-spam-weekly
+908505120795,+908505120795,block,3,+908505120795,spamlikely,1,0,,phone_rule,turkish-spam-weekly
+908505120969,+908505120969,block,3,+908505120969,spamlikely,1,0,,phone_rule,turkish-spam-weekly
+908505120975,+908505120975,block,3,+908505120975,spamlikely,1,0,,phone_rule,turkish-spam-weekly
+908505600625,+908505600625,block,3,+908505600625,spamlikely,1,0,,phone_rule,turkish-spam-weekly
+908505602051,+908505602051,block,3,+908505602051,spamlikely,1,0,,phone_rule,turkish-spam-weekly
+908505602440,+908505602440,block,3,+908505602440,spamlikely,1,0,,phone_rule,turkish-spam-weekly
+908505602467,+908505602467,block,3,+908505602467,spamlikely,1,0,,phone_rule,turkish-spam-weekly
+908505602715,+908505602715,block,3,+908505602715,spamlikely,1,0,,phone_rule,turkish-spam-weekly
+908505602719,+908505602719,block,3,+908505602719,spamlikely,1,0,,phone_rule,turkish-spam-weekly
+908505602816,+908505602816,block,3,+908505602816,spamlikely,1,0,,phone_rule,turkish-spam-weekly
+908507710374,+908507710374,block,3,+908507710374,spamlikely,1,0,,phone_rule,turkish-spam-weekly
+908507710561,+908507710561,block,3,+908507710561,spamlikely,1,0,,phone_rule,turkish-spam-weekly
+908507710571,+908507710571,block,3,+908507710571,spamlikely,1,0,,phone_rule,turkish-spam-weekly
+908507710576,+908507710576,block,3,+908507710576,spamlikely,1,0,,phone_rule,turkish-spam-weekly
+908507711476,+908507711476,block,3,+908507711476,spamlikely,1,0,,phone_rule,turkish-spam-weekly
+908509010328,+908509010328,block,3,+908509010328,spamlikely,1,0,,phone_rule,turkish-spam-weekly
+908509010352,+908509010352,block,3,+908509010352,spamlikely,1,0,,phone_rule,turkish-spam-weekly
+908509010417,+908509010417,block,3,+908509010417,spamlikely,1,0,,phone_rule,turkish-spam-weekly
+908509010576,+908509010576,block,3,+908509010576,spamlikely,1,0,,phone_rule,turkish-spam-weekly
+908509010588,+908509010588,block,3,+908509010588,spamlikely,1,0,,phone_rule,turkish-spam-weekly
+908509010598,+908509010598,block,3,+908509010598,spamlikely,1,0,,phone_rule,turkish-spam-weekly
+908509010646,+908509010646,block,3,+908509010646,spamlikely,1,0,,phone_rule,turkish-spam-weekly
+908509010672,+908509010672,block,3,+908509010672,spamlikely,1,0,,phone_rule,turkish-spam-weekly
+908509010676,+908509010676,block,3,+908509010676,spamlikely,1,0,,phone_rule,turkish-spam-weekly
+908509010677,+908509010677,block,3,+908509010677,spamlikely,1,0,,phone_rule,turkish-spam-weekly
+908509010678,+908509010678,block,3,+908509010678,spamlikely,1,0,,phone_rule,turkish-spam-weekly
+908509010688,+908509010688,block,3,+908509010688,spamlikely,1,0,,phone_rule,turkish-spam-weekly
+908509010713,+908509010713,block,3,+908509010713,spamlikely,1,0,,phone_rule,turkish-spam-weekly
+908509010744,+908509010744,block,3,+908509010744,spamlikely,1,0,,phone_rule,turkish-spam-weekly
+908509010747,+908509010747,block,3,+908509010747,spamlikely,1,0,,phone_rule,turkish-spam-weekly
+908509010760,+908509010760,block,3,+908509010760,spamlikely,1,0,,phone_rule,turkish-spam-weekly
+908509010790,+908509010790,block,3,+908509010790,spamlikely,1,0,,phone_rule,turkish-spam-weekly
+908509010795,+908509010795,block,3,+908509010795,spamlikely,1,0,,phone_rule,turkish-spam-weekly
+908509010799,+908509010799,block,3,+908509010799,spamlikely,1,0,,phone_rule,turkish-spam-weekly
+908509010806,+908509010806,block,3,+908509010806,spamlikely,1,0,,phone_rule,turkish-spam-weekly
+908503010823,+908503010823,block,3,+908503010823,spamlikely,1,0,,phone_rule,turkish-spam-weekly
+908509010824,+908509010824,block,3,+908509010824,spamlikely,1,0,,phone_rule,turkish-spam-weekly
+908509010854,+908509010854,block,3,+908509010854,spamlikely,1,0,,phone_rule,turkish-spam-weekly
+908509010866,+908509010866,block,3,+908509010866,spamlikely,1,0,,phone_rule,turkish-spam-weekly
+908509010870,+908509010870,block,3,+908509010870,spamlikely,1,0,,phone_rule,turkish-spam-weekly
+908509010889,+908509010889,block,3,+908509010889,spamlikely,1,0,,phone_rule,turkish-spam-weekly
+908509010914,+908509010914,block,3,+908509010914,spamlikely,1,0,,phone_rule,turkish-spam-weekly
+908509010932,+908509010932,block,3,+908509010932,spamlikely,1,0,,phone_rule,turkish-spam-weekly
+908509010941,+908509010941,block,3,+908509010941,spamlikely,1,0,,phone_rule,turkish-spam-weekly
+908509010961,+908509010961,block,3,+908509010961,spamlikely,1,0,,phone_rule,turkish-spam-weekly
+908509449501,+908509449501,block,3,+908509449501,spamlikely,1,0,,phone_rule,turkish-spam-weekly
